Workbook

Sheet 00_README
A1: Workbook | B1: Bryan Submission Data Pack (Template)
A2: Version | B2: v1.0
A3: Created | B3: 2025-12-30 17:54
A4: Purpose | B4: Provide a single SSOT-style input/calculation template for ballast operations submission.
A6: How to use | B6: 1) Fill blue cells only. 2) Keep SSOT_Master as single source. 3) Stage_Calc uses these inputs.
A8: Key Sheets | B8: 01_SSOT_Master, 07_Stage_Calc, 08_HoldPoint_Log, 09_Evidence_Log
A10: Notes | B10: Designed for AGI site operations.

Sheet 01_SSOT_Master
A1: Control / Input | B1: Value | C1: Unit | D1: Notes | E1: Owner | F1: Source/Ref
A2: SITE | B2: AGI | D2: AGI site operations | E2: Logistics
A3: Project / Shipment ID | D3: Internal reference | E3: Logistics
A4: Vessel / LCT Name | E4: Marine
A5: Datum for Tide | B5: CD | D5: Chart Datum unless specified otherwise | E5: Marine | F5: Port tide table
A6: Timezone | B6: GST | D6: Local timezone for logs | E6: Marine
A7: LBP | B7: 60.30 | C7: m | D7: Length between perpendiculars | E7: Marine | F7: Vessel spec
A8: Beam | B8: 24.00 | C8: m | E8: Marine | F8: Vessel spec
A9: Molded Depth (D) | B9: 3.65 | C9: m | D9: Used for freeboard estimate | E9: Marine | F9: Vessel spec
A10: Lightship Displacement | B10: 2800 | C10: t | D10: Baseline displacement (confirm) | E10: Marine
A11: Baseline Tmean | B11: 2.00 | C11: m | D11: Baseline mean draft (confirm) | E11: Marine
A12: Gate-A: AFT Draft MIN | B12: 2.70 | C12: m | D12: AFT >= this | E12: Marine | F12: Ops
A13: Gate-B: FWD Draft MAX | B13: 2.70 | C13: m | D13: FWD <= this (critical stages) | E13: Marine | F13: Ops
A14: Gate-C: TRIM ABS MAX | B14: 240 | C14: cm | D14: ABS(Trim_cm) <= this | E14: Marine | F14: Ops
A15: UKC min | B15: 0.50 | C15: m | D15: Under keel clearance minimum | E15: Marine | F15: Port
A16: DepthRef (charted/berth) | B16: 5.50 | C16: m | D16: Depth reference (same datum as tide) | E16: Marine | F16: Port
A17: Squat | B17: 0.00 | C17: m | D17: Allowance | E17: Marine
A18: Safety Allowance | B18: 0.00 | C18: m | D18: Allowance | E18: Marine
A19: Pump rate (ship) | B19: 10.0 | C19: t/h | D19: Default ship pump rate | E19: Marine
A20: Vent flow coeff | B20: 0.86 | C20: t/h/mm | D20: Vent-limited effective rate | E20: Marine
A21: Ramp length | B21: 8.30 | C21: m | D21: Ramp geometry | E21: Marine
A22: Linkspan height | B22: 2.00 | C22: m | D22: Reference height | E22: Marine

Sheet 02_Vessel_Hydro
A1: Hydro Table (input)
A2: Fill hydrostatic points sorted by Displacement ascending. Minimum 2 points required.
A3: # | B3: Disp_t | C3: Tmean_m | D3: TPC_t/cm | E3: MTC_t·m/cm | F3: LCF_m | G3: GM_m | H3: Source/Remark
A4: 1
A5: 2
A6: 3
A7: 4
A8: 5
A9: 6
A10: 7
A11: 8
A12: 9
A13: 10
A14: 11
A15: 12
... A63: 60

Sheet 03_Berth_Tide
A1: Berth / Depth Reference (input)
A2: DepthRef must use same datum as tide (e.g., CD).
A3: Field | B3: Value | C3: Unit | D3: Notes | E3: Source
A4: Site/Location | D4: Berth/jetty identification
A5: DepthRef | B5: 5.50 | C5: m | D5: Use latest sounding if available
A6: Datum | B6: CD | D6: e.g., CD
A7: UKC min | B7: 0.50 | C7: m
A8: Squat | B8: 0.00 | C8: m
A9: Safety Allowance | B9: 0.00 | C9: m
A11: Tide Forecast (input)
A12: Fill official tide forecast (same datum).
A13: DateTime | B13: Tide_m | C13: Source | D13: Verified (Y/N) | E13: Remarks

Sheet 04_Cargo_SPMT
A1: Cargo / SPMT Inputs (TR1/TR2 + SPMT)
A2: Fill cargo weights and CoG. Provide stage position if variable.
A3: Item | B3: Weight_t | C3: CoG_x_m | D3: CoG_y_m | E3: CoG_z_m | F3: Final_Frame | G3: Ramp_Frame | H3: L_m | I3: W_m | J3: Remarks/Source
A4: TR1 + SPMT | F4: 42 | G4: 17.95
A5: TR2 + SPMT | F5: 40 | G5: 17.95
A6: SPMT Self-weight (if separated)
A7: Other / Dunnage / Lumber
A9: Total cargo on LCT (TR1+TR2, excluding SPMT if separated) | B9: =IFERROR(SUM(B4:B5),"") | C9: t

Sheet 05_Ballast_Tanks
A1: Ballast Tank Catalog (input) | L1: VENT_COEFF (t/h/mm) | M1: 0.86
A2: List all relevant tanks and initial ROB. Use same tank names as in ballast solver. | L2: PUMP_RATE (t/h) default | M2: 10
A3: Tank | B3: Side | C3: Family | D3: Capacity_t | E3: Initial_ROB_t | F3: Max_allow_t | G3: x_m | H3: Frame | I3: PumpGroup | J3: Vent_dia_mm | K3: Remarks/Source
A85: Stage-wise Tank Deltas (input per stage)
A86: Fill delta (t) for each tank per stage. + = fill, - = discharge.
A87: Tank | B87: Stage 1 | C87: Stage 2 | D87: Stage 3 | E87: Stage 4 | F87: Stage 5 | G87: Stage 5_PreBallast | H87: Stage 6A_Critical (Opt C) | I87: Stage 6C | J87: Stage 7 | K87: Remarks

Sheet 06_Stage_Plan
A1: Stage_ID | B1: Progress_% | C1: Planned_Start | D1: Planned_End | E1: HoldPoint | F1: GateB_Critical(Y/N) | G1: Stage_Status | H1: Remarks
A2: Stage 1 | B2: N/A | E2: - | F2: N | G2: PLANNED | H2: Arrival (lightship)
A3: Stage 2 | B3: N/A | E3: Y | F3: N | G3: PLANNED | H3: TR1 ramp start
A4: Stage 3 | B4: N/A | E4: - | F4: N | G4: PLANNED | H4: TR1 mid-ramp
A5: Stage 4 | B5: N/A | E5: - | F5: N | G5: PLANNED | H5: TR1 on deck
A6: Stage 5 | B6: N/A | E6: - | F6: N | G6: PLANNED | H6: TR1 final position
A7: Stage 5_PreBallast | B7: N/A | E7: - | F7: Y | G7: PLANNED | H7: Water supply complete (TR1 stowed)
A8: Stage 6A_Critical (Opt C) | B8: N/A | E8: - | F8: Y | G8: PLANNED | H8: TR2 ramp entry
A9: Stage 6C | B9: N/A | E9: - | F9: N | G9: PLANNED | H9: Final stowage
A10: Stage 7 | B10: N/A | E10: - | F10: N | G10: PLANNED | H10: Departure (cargo off)

Sheet 07_Stage_Calc
A1: Stage-wise Draft / Trim / Tide / Ramp Gates (submission table)
A2: Parameter | B2: Value | C2: Unit | D2: Notes
A3: TOTAL_CARGO_T | B3: 500 | C3: t | D3: TR1+TR2 total (edit)
A4: GATE_AFT_MIN | B4: 2.7 | C4: m | D4: AFT draft must be >= this
A5: GATE_FWD_MAX | B5: 2.7 | C5: m | D5: FWD draft must be <= this (critical stages)
A6: TRIM_LIMIT_CM | B6: 240 | C6: cm | D6: ABS(trim_cm) <= this
A7: DEPTHREF_M | B7: 5.5 | C7: m | D7: Berth depth reference (same datum as tide)
A8: UKC_MIN_M | B8: 0.5 | C8: m | D8: Under keel clearance minimum
A9: SQUAT_M | B9: 0 | C9: m | D9: Allowance
A10: SAFETY_M | B10: 0 | C10: m | D10: Allowance
A19: Stage-wise Calculation Table
A20: Stage_ID | B20: HoldPoint | C20: GateB_Critical | D20: Stage_Remark | E20: Progress_% | F20: x_stage_m | G20: W_stage_t | H20: Displacement_t | I20: Tmean_m | J20: Trim_cm | K20: Draft_FWD_m | L20: Draft_AFT_m | M20: Freeboard_min_m | N20: Tide_required_m | O20: Forecast_tide_m | P20: Tide_margin_m | Q20: UKC_min_m | R20: UKC_fwd_m | S20: UKC_aft_m | T20: Ramp_angle_deg | U20: GM_m | V20: Gate_FWD | W20: Gate_AFT | X20: Gate_TRIM | Y20: Gate_UKC | Z20: Gate_RAMP | AA20: HoldPoint_Band | AB20: Go/No-Go | AC20: Ballast_Action | AD20: Ballast_Time_h | AE20: Ballast_Net_t | AF20: Ballast_Alloc | AG20: Notes
A21: Stage 1 | B21: =IF($A21="","",IFERROR(INDEX('06_Stage_Plan'!$E:$E,MATCH($A21,'06_Stage_Plan'!$A:$A,0)),"")) | C21: =IF($A21="","",IFERROR(INDEX('06_Stage_Plan'!$F:$F,MATCH($A21,'06_Stage_Plan'!$A:$A,0)),"")) | D21: =IF($A21="","",IFERROR(INDEX('06_Stage_Plan'!$H:$H,MATCH($A21,'06_Stage_Plan'!$A:$A,0)),"")) | E21: =IF($A21="","",IFERROR(INDEX('06_Stage_Plan'!$B:$B,MATCH($A21,'06_Stage_Plan'!$A:$A,0)),"")) | J21: =IF(OR($K21="",$L21=""),"",($L21-$K21)*100) | M21: =IF(OR($K21="",$L21=""),"",MIN(INDEX('01_SSOT_Master'!$B:$B,MATCH("Molded Depth (D)",'01_SSOT_Master'!$A:$A,0))-$K21,INDEX('01_SSOT_Master'!$B:$B,MATCH("Molded Depth (D)",'01_SSOT_Master'!$A:$A,0))-$L21)) | N21: =IF(OR($K21="",$L21=""),"",MAX(0,(MAX($K21,$L21)+$B$9+$B$10+$B$8)-$B$7)) | P21: =IF(OR($O21="",$N21=""),"",$O21-$N21) | Q21: =IF($A21="","",$B$8) | R21: =IF(OR($O21="",$K21=""),"",($B$7+$O21)-($K21+$B$9+$B$10)) | S21: =IF(OR($O21="",$L21=""),"",($B$7+$O21)-($L21+$B$9+$B$10)) | V21: =IF($A21="","",IF($C21<>"Y","N/A",IF($K21<=$B$5,"PASS","LIMIT"))) | W21: =IF($A21="","",IF($L21>=$B$4,"PASS","LIMIT")) | X21: =IF($A21="","",IF(ABS($J21)<=$B$6,"PASS","LIMIT")) | Y21: =IF($A21="","",IF(MIN($R21,$S21)>=$B$8,"PASS","LIMIT")) | Z21: =IF($A21="","",IF($T21="","VERIFY",IF($T21<=6,"PASS","LIMIT"))) | AA21: =IF($B21<>"Y","-",IF(OR($V21="LIMIT",$W21="LIMIT",$X21="LIMIT",$Y21="LIMIT"),"STOP","GO")) | AB21: =IF($A21="","",IF($AA21="STOP","ABORT",IF($AA21="RECALC","NO-GO","GO")))
A22: Stage 2 | B22: =IF($A22="","",IFERROR(INDEX('06_Stage_Plan'!$E:$E,MATCH($A22,'06_Stage_Plan'!$A:$A,0)),"")) | C22: =IF($A22="","",IFERROR(INDEX('06_Stage_Plan'!$F:$F,MATCH($A22,'06_Stage_Plan'!$A:$A,0)),"")) | D22: =IF($A22="","",IFERROR(INDEX('06_Stage_Plan'!$H:$H,MATCH($A22,'06_Stage_Plan'!$A:$A,0)),"")) | E22: =IF($A22="","",IFERROR(INDEX('06_Stage_Plan'!$B:$B,MATCH($A22,'06_Stage_Plan'!$A:$A,0)),"")) | J22: =IF(OR($K22="",$L22=""),"",($L22-$K22)*100) | M22: =IF(OR($K22="",$L22=""),"",MIN(INDEX('01_SSOT_Master'!$B:$B,MATCH("Molded Depth (D)",'01_SSOT_Master'!$A:$A,0))-$K22,INDEX('01_SSOT_Master'!$B:$B,MATCH("Molded Depth (D)",'01_SSOT_Master'!$A:$A,0))-$L22)) | N22: =IF(OR($K22="",$L22=""),"",MAX(0,(MAX($K22,$L22)+$B$9+$B$10+$B$8)-$B$7)) | P22: =IF(OR($O22="",$N22=""),"",$O22-$N22) | Q22: =IF($A22="","",$B$8) | R22: =IF(OR($O22="",$K22=""),"",($B$7+$O22)-($K22+$B$9+$B$10)) | S22: =IF(OR($O22="",$L22=""),"",($B$7+$O22)-($L22+$B$9+$B$10)) | V22: =IF($A22="","",IF($C22<>"Y","N/A",IF($K22<=$B$5,"PASS","LIMIT"))) | W22: =IF($A22="","",IF($L22>=$B$4,"PASS","LIMIT")) | X22: =IF($A22="","",IF(ABS($J22)<=$B$6,"PASS","LIMIT")) | Y22: =IF($A22="","",IF(MIN($R22,$S22)>=$B$8,"PASS","LIMIT")) | Z22: =IF($A22="","",IF($T22="","VERIFY",IF($T22<=6,"PASS","LIMIT"))) | AA22: =IF($B22<>"Y","-",IF(OR($V22="LIMIT",$W22="LIMIT",$X22="LIMIT",$Y22="LIMIT"),"STOP","GO")) | AB22: =IF($A22="","",IF($AA22="STOP","ABORT",IF($AA22="RECALC","NO-GO","GO")))
A23: Stage 3 | B23: =IF($A23="","",IFERROR(INDEX('06_Stage_Plan'!$E:$E,MATCH($A23,'06_Stage_Plan'!$A:$A,0)),"")) | C23: =IF($A23="","",IFERROR(INDEX('06_Stage_Plan'!$F:$F,MATCH($A23,'06_Stage_Plan'!$A:$A,0)),"")) | D23: =IF($A23="","",IFERROR(INDEX('06_Stage_Plan'!$H:$H,MATCH($A23,'06_Stage_Plan'!$A:$A,0)),"")) | E23: =IF($A23="","",IFERROR(INDEX('06_Stage_Plan'!$B:$B,MATCH($A23,'06_Stage_Plan'!$A:$A,0)),"")) | J23: =IF(OR($K23="",$L23=""),"",($L23-$K23)*100) | M23: =IF(OR($K23="",$L23=""),"",MIN(INDEX('01_SSOT_Master'!$B:$B,MATCH("Molded Depth (D)",'01_SSOT_Master'!$A:$A,0))-$K23,INDEX('01_SSOT_Master'!$B:$B,MATCH("Molded Depth (D)",'01_SSOT_Master'!$A:$A,0))-$L23)) | N23: =IF(OR($K23="",$L23=""),"",MAX(0,(MAX($K23,$L23)+$B$9+$B$10+$B$8)-$B$7)) | P23: =IF(OR($O23="",$N23=""),"",$O23-$N23) | Q23: =IF($A23="","",$B$8) | R23: =IF(OR($O23="",$K23=""),"",($B$7+$O23)-($K23+$B$9+$B$10)) | S23: =IF(OR($O23="",$L23=""),"",($B$7+$O23)-($L23+$B$9+$B$10)) | V23: =IF($A23="","",IF($C23<>"Y","N/A",IF($K23<=$B$5,"PASS","LIMIT"))) | W23: =IF($A23="","",IF($L23>=$B$4,"PASS","LIMIT")) | X23: =IF($A23="","",IF(ABS($J23)<=$B$6,"PASS","LIMIT")) | Y23: =IF($A23="","",IF(MIN($R23,$S23)>=$B$8,"PASS","LIMIT")) | Z23: =IF($A23="","",IF($T23="","VERIFY",IF($T23<=6,"PASS","LIMIT"))) | AA23: =IF($B23<>"Y","-",IF(OR($V23="LIMIT",$W23="LIMIT",$X23="LIMIT",$Y23="LIMIT"),"STOP","GO")) | AB23: =IF($A23="","",IF($AA23="STOP","ABORT",IF($AA23="RECALC","NO-GO","GO")))
A24: Stage 4 | B24: =IF($A24="","",IFERROR(INDEX('06_Stage_Plan'!$E:$E,MATCH($A24,'06_Stage_Plan'!$A:$A,0)),"")) | C24: =IF($A24="","",IFERROR(INDEX('06_Stage_Plan'!$F:$F,MATCH($A24,'06_Stage_Plan'!$A:$A,0)),"")) | D24: =IF($A24="","",IFERROR(INDEX('06_Stage_Plan'!$H:$H,MATCH($A24,'06_Stage_Plan'!$A:$A,0)),"")) | E24: =IF($A24="","",IFERROR(INDEX('06_Stage_Plan'!$B:$B,MATCH($A24,'06_Stage_Plan'!$A:$A,0)),"")) | J24: =IF(OR($K24="",$L24=""),"",($L24-$K24)*100) | M24: =IF(OR($K24="",$L24=""),"",MIN(INDEX('01_SSOT_Master'!$B:$B,MATCH("Molded Depth (D)",'01_SSOT_Master'!$A:$A,0))-$K24,INDEX('01_SSOT_Master'!$B:$B,MATCH("Molded Depth (D)",'01_SSOT_Master'!$A:$A,0))-$L24)) | N24: =IF(OR($K24="",$L24=""),"",MAX(0,(MAX($K24,$L24)+$B$9+$B$10+$B$8)-$B$7)) | P24: =IF(OR($O24="",$N24=""),"",$O24-$N24) | Q24: =IF($A24="","",$B$8) | R24: =IF(OR($O24="",$K24=""),"",($B$7+$O24)-($K24+$B$9+$B$10)) | S24: =IF(OR($O24="",$L24=""),"",($B$7+$O24)-($L24+$B$9+$B$10)) | V24: =IF($A24="","",IF($C24<>"Y","N/A",IF($K24<=$B$5,"PASS","LIMIT"))) | W24: =IF($A24="","",IF($L24>=$B$4,"PASS","LIMIT")) | X24: =IF($A24="","",IF(ABS($J24)<=$B$6,"PASS","LIMIT")) | Y24: =IF($A24="","",IF(MIN($R24,$S24)>=$B$8,"PASS","LIMIT")) | Z24: =IF($A24="","",IF($T24="","VERIFY",IF($T24<=6,"PASS","LIMIT"))) | AA24: =IF($B24<>"Y","-",IF(OR($V24="LIMIT",$W24="LIMIT",$X24="LIMIT",$Y24="LIMIT"),"STOP","GO")) | AB24: =IF($A24="","",IF($AA24="STOP","ABORT",IF($AA24="RECALC","NO-GO","GO")))
A25: Stage 5 | B25: =IF($A25="","",IFERROR(INDEX('06_Stage_Plan'!$E:$E,MATCH($A25,'06_Stage_Plan'!$A:$A,0)),"")) | C25: =IF($A25="","",IFERROR(INDEX('06_Stage_Plan'!$F:$F,MATCH($A25,'06_Stage_Plan'!$A:$A,0)),"")) | D25: =IF($A25="","",IFERROR(INDEX('06_Stage_Plan'!$H:$H,MATCH($A25,'06_Stage_Plan'!$A:$A,0)),"")) | E25: =IF($A25="","",IFERROR(INDEX('06_Stage_Plan'!$B:$B,MATCH($A25,'06_Stage_Plan'!$A:$A,0)),"")) | J25: =IF(OR($K25="",$L25=""),"",($L25-$K25)*100) | M25: =IF(OR($K25="",$L25=""),"",MIN(INDEX('01_SSOT_Master'!$B:$B,MATCH("Molded Depth (D)",'01_SSOT_Master'!$A:$A,0))-$K25,INDEX('01_SSOT_Master'!$B:$B,MATCH("Molded Depth (D)",'01_SSOT_Master'!$A:$A,0))-$L25)) | N25: =IF(OR($K25="",$L25=""),"",MAX(0,(MAX($K25,$L25)+$B$9+$B$10+$B$8)-$B$7)) | P25: =IF(OR($O25="",$N25=""),"",$O25-$N25) | Q25: =IF($A25="","",$B$8) | R25: =IF(OR($O25="",$K25=""),"",($B$7+$O25)-($K25+$B$9+$B$10)) | S25: =IF(OR($O25="",$L25=""),"",($B$7+$O25)-($L25+$B$9+$B$10)) | V25: =IF($A25="","",IF($C25<>"Y","N/A",IF($K25<=$B$5,"PASS","LIMIT"))) | W25: =IF($A25="","",IF($L25>=$B$4,"PASS","LIMIT")) | X25: =IF($A25="","",IF(ABS($J25)<=$B$6,"PASS","LIMIT")) | Y25: =IF($A25="","",IF(MIN($R25,$S25)>=$B$8,"PASS","LIMIT")) | Z25: =IF($A25="","",IF($T25="","VERIFY",IF($T25<=6,"PASS","LIMIT"))) | AA25: =IF($B25<>"Y","-",IF(OR($V25="LIMIT",$W25="LIMIT",$X25="LIMIT",$Y25="LIMIT"),"STOP","GO")) | AB25: =IF($A25="","",IF($AA25="STOP","ABORT",IF($AA25="RECALC","NO-GO","GO")))
A26: Stage 5_PreBallast | B26: =IF($A26="","",IFERROR(INDEX('06_Stage_Plan'!$E:$E,MATCH($A26,'06_Stage_Plan'!$A:$A,0)),"")) | C26: =IF($A26="","",IFERROR(INDEX('06_Stage_Plan'!$F:$F,MATCH($A26,'06_Stage_Plan'!$A:$A,0)),"")) | D26: =IF($A26="","",IFERROR(INDEX('06_Stage_Plan'!$H:$H,MATCH($A26,'06_Stage_Plan'!$A:$A,0)),"")) | E26: =IF($A26="","",IFERROR(INDEX('06_Stage_Plan'!$B:$B,MATCH($A26,'06_Stage_Plan'!$A:$A,0)),"")) | J26: =IF(OR($K26="",$L26=""),"",($L26-$K26)*100) | M26: =IF(OR($K26="",$L26=""),"",MIN(INDEX('01_SSOT_Master'!$B:$B,MATCH("Molded Depth (D)",'01_SSOT_Master'!$A:$A,0))-$K26,INDEX('01_SSOT_Master'!$B:$B,MATCH("Molded Depth (D)",'01_SSOT_Master'!$A:$A,0))-$L26)) | N26: =IF(OR($K26="",$L26=""),"",MAX(0,(MAX($K26,$L26)+$B$9+$B$10+$B$8)-$B$7)) | P26: =IF(OR($O26="",$N26=""),"",$O26-$N26) | Q26: =IF($A26="","",$B$8) | R26: =IF(OR($O26="",$K26=""),"",($B$7+$O26)-($K26+$B$9+$B$10)) | S26: =IF(OR($O26="",$L26=""),"",($B$7+$O26)-($L26+$B$9+$B$10)) | V26: =IF($A26="","",IF($C26<>"Y","N/A",IF($K26<=$B$5,"PASS","LIMIT"))) | W26: =IF($A26="","",IF($L26>=$B$4,"PASS","LIMIT")) | X26: =IF($A26="","",IF(ABS($J26)<=$B$6,"PASS","LIMIT")) | Y26: =IF($A26="","",IF(MIN($R26,$S26)>=$B$8,"PASS","LIMIT")) | Z26: =IF($A26="","",IF($T26="","VERIFY",IF($T26<=6,"PASS","LIMIT"))) | AA26: =IF($B26<>"Y","-",IF(OR($V26="LIMIT",$W26="LIMIT",$X26="LIMIT",$Y26="LIMIT"),"STOP","GO")) | AB26: =IF($A26="","",IF($AA26="STOP","ABORT",IF($AA26="RECALC","NO-GO","GO")))
A27: Stage 6A_Critical (Opt C) | B27: =IF($A27="","",IFERROR(INDEX('06_Stage_Plan'!$E:$E,MATCH($A27,'06_Stage_Plan'!$A:$A,0)),"")) | C27: =IF($A27="","",IFERROR(INDEX('06_Stage_Plan'!$F:$F,MATCH($A27,'06_Stage_Plan'!$A:$A,0)),"")) | D27: =IF($A27="","",IFERROR(INDEX('06_Stage_Plan'!$H:$H,MATCH($A27,'06_Stage_Plan'!$A:$A,0)),"")) | E27: =IF($A27="","",IFERROR(INDEX('06_Stage_Plan'!$B:$B,MATCH($A27,'06_Stage_Plan'!$A:$A,0)),"")) | J27: =IF(OR($K27="",$L27=""),"",($L27-$K27)*100) | M27: =IF(OR($K27="",$L27=""),"",MIN(INDEX('01_SSOT_Master'!$B:$B,MATCH("Molded Depth (D)",'01_SSOT_Master'!$A:$A,0))-$K27,INDEX('01_SSOT_Master'!$B:$B,MATCH("Molded Depth (D)",'01_SSOT_Master'!$A:$A,0))-$L27)) | N27: =IF(OR($K27="",$L27=""),"",MAX(0,(MAX($K27,$L27)+$B$9+$B$10+$B$8)-$B$7)) | P27: =IF(OR($O27="",$N27=""),"",$O27-$N27) | Q27: =IF($A27="","",$B$8) | R27: =IF(OR($O27="",$K27=""),"",($B$7+$O27)-($K27+$B$9+$B$10)) | S27: =IF(OR($O27="",$L27=""),"",($B$7+$O27)-($L27+$B$9+$B$10)) | V27: =IF($A27="","",IF($C27<>"Y","N/A",IF($K27<=$B$5,"PASS","LIMIT"))) | W27: =IF($A27="","",IF($L27>=$B$4,"PASS","LIMIT")) | X27: =IF($A27="","",IF(ABS($J27)<=$B$6,"PASS","LIMIT")) | Y27: =IF($A27="","",IF(MIN($R27,$S27)>=$B$8,"PASS","LIMIT")) | Z27: =IF($A27="","",IF($T27="","VERIFY",IF($T27<=6,"PASS","LIMIT"))) | AA27: =IF($B27<>"Y","-",IF(OR($V27="LIMIT",$W27="LIMIT",$X27="LIMIT",$Y27="LIMIT"),"STOP","GO")) | AB27: =IF($A27="","",IF($AA27="STOP","ABORT",IF($AA27="RECALC","NO-GO","GO")))
A28: Stage 6C | B28: =IF($A28="","",IFERROR(INDEX('06_Stage_Plan'!$E:$E,MATCH($A28,'06_Stage_Plan'!$A:$A,0)),"")) | C28: =IF($A28="","",IFERROR(INDEX('06_Stage_Plan'!$F:$F,MATCH($A28,'06_Stage_Plan'!$A:$A,0)),"")) | D28: =IF($A28="","",IFERROR(INDEX('06_Stage_Plan'!$H:$H,MATCH($A28,'06_Stage_Plan'!$A:$A,0)),"")) | E28: =IF($A28="","",IFERROR(INDEX('06_Stage_Plan'!$B:$B,MATCH($A28,'06_Stage_Plan'!$A:$A,0)),"")) | J28: =IF(OR($K28="",$L28=""),"",($L28-$K28)*100) | M28: =IF(OR($K28="",$L28=""),"",MIN(INDEX('01_SSOT_Master'!$B:$B,MATCH("Molded Depth (D)",'01_SSOT_Master'!$A:$A,0))-$K28,INDEX('01_SSOT_Master'!$B:$B,MATCH("Molded Depth (D)",'01_SSOT_Master'!$A:$A,0))-$L28)) | N28: =IF(OR($K28="",$L28=""),"",MAX(0,(MAX($K28,$L28)+$B$9+$B$10+$B$8)-$B$7)) | P28: =IF(OR($O28="",$N28=""),"",$O28-$N28) | Q28: =IF($A28="","",$B$8) | R28: =IF(OR($O28="",$K28=""),"",($B$7+$O28)-($K28+$B$9+$B$10)) | S28: =IF(OR($O28="",$L28=""),"",($B$7+$O28)-($L28+$B$9+$B$10)) | V28: =IF($A28="","",IF($C28<>"Y","N/A",IF($K28<=$B$5,"PASS","LIMIT"))) | W28: =IF($A28="","",IF($L28>=$B$4,"PASS","LIMIT")) | X28: =IF($A28="","",IF(ABS($J28)<=$B$6,"PASS","LIMIT")) | Y28: =IF($A28="","",IF(MIN($R28,$S28)>=$B$8,"PASS","LIMIT")) | Z28: =IF($A28="","",IF($T28="","VERIFY",IF($T28<=6,"PASS","LIMIT"))) | AA28: =IF($B28<>"Y","-",IF(OR($V28="LIMIT",$W28="LIMIT",$X28="LIMIT",$Y28="LIMIT"),"STOP","GO")) | AB28: =IF($A28="","",IF($AA28="STOP","ABORT",IF($AA28="RECALC","NO-GO","GO")))
A29: Stage 7 | B29: =IF($A29="","",IFERROR(INDEX('06_Stage_Plan'!$E:$E,MATCH($A29,'06_Stage_Plan'!$A:$A,0)),"")) | C29: =IF($A29="","",IFERROR(INDEX('06_Stage_Plan'!$F:$F,MATCH($A29,'06_Stage_Plan'!$A:$A,0)),"")) | D29: =IF($A29="","",IFERROR(INDEX('06_Stage_Plan'!$H:$H,MATCH($A29,'06_Stage_Plan'!$A:$A,0)),"")) | E29: =IF($A29="","",IFERROR(INDEX('06_Stage_Plan'!$B:$B,MATCH($A29,'06_Stage_Plan'!$A:$A,0)),"")) | J29: =IF(OR($K29="",$L29=""),"",($L29-$K29)*100) | M29: =IF(OR($K29="",$L29=""),"",MIN(INDEX('01_SSOT_Master'!$B:$B,MATCH("Molded Depth (D)",'01_SSOT_Master'!$A:$A,0))-$K29,INDEX('01_SSOT_Master'!$B:$B,MATCH("Molded Depth (D)",'01_SSOT_Master'!$A:$A,0))-$L29)) | N29: =IF(OR($K29="",$L29=""),"",MAX(0,(MAX($K29,$L29)+$B$9+$B$10+$B$8)-$B$7)) | P29: =IF(OR($O29="",$N29=""),"",$O29-$N29) | Q29: =IF($A29="","",$B$8) | R29: =IF(OR($O29="",$K29=""),"",($B$7+$O29)-($K29+$B$9+$B$10)) | S29: =IF(OR($O29="",$L29=""),"",($B$7+$O29)-($L29+$B$9+$B$10)) | V29: =IF($A29="","",IF($C29<>"Y","N/A",IF($K29<=$B$5,"PASS","LIMIT"))) | W29: =IF($A29="","",IF($L29>=$B$4,"PASS","LIMIT")) | X29: =IF($A29="","",IF(ABS($J29)<=$B$6,"PASS","LIMIT")) | Y29: =IF($A29="","",IF(MIN($R29,$S29)>=$B$8,"PASS","LIMIT")) | Z29: =IF($A29="","",IF($T29="","VERIFY",IF($T29<=6,"PASS","LIMIT"))) | AA29: =IF($B29<>"Y","-",IF(OR($V29="LIMIT",$W29="LIMIT",$X29="LIMIT",$Y29="LIMIT"),"STOP","GO")) | AB29: =IF($A29="","",IF($AA29="STOP","ABORT",IF($AA29="RECALC","NO-GO","GO")))

Sheet 08_HoldPoint_Log
A1: Hold Point Measurement Log (Measured vs Predicted)
A2: HP_GO_CM | B2: 2 | C2: cm | D2: GO if max(|Δ|) <= this
A3: HP_RECALC_CM | B3: 4 | C3: cm | D3: RECALC if <= this else STOP
A5: Time | B5: Stage_ID | C5: Meas_FWD_m | D5: Meas_AFT_m | E5: Meas_Trim_cm | F5: Pred_FWD_m | G5: Pred_AFT_m | H5: ΔFWD_cm | I5: ΔAFT_cm | J5: ΔTrim_cm | K5: Action | L5: Comments
E6: =IF(OR(C6="",D6=""),"",(D6-C6)*100) | F6: =IF($B6="","",IFERROR(INDEX('07_Stage_Calc'!$K:$K,MATCH($B6,'07_Stage_Calc'!$A:$A,0)),"")) | G6: =IF($B6="","",IFERROR(INDEX('07_Stage_Calc'!$L:$L,MATCH($B6,'07_Stage_Calc'!$A:$A,0)),"")) | H6: =IF(OR(C6="",F6=""),"",(C6-F6)*100) | I6: =IF(OR(D6="",G6=""),"",(D6-G6)*100) | J6: =IF(OR(E6="",F6="",G6=""),"",E6-(G6-F6)*100) | K6: =IF(OR(H6="",I6="",J6=""),"",IF(MAX(ABS(H6),ABS(I6),ABS(J6))<=$B$2,"GO",IF(MAX(ABS(H6),ABS(I6),ABS(J6))<=$B$3,"RECALC","STOP")))
E7: =IF(OR(C7="",D7=""),"",(D7-C7)*100) | F7: =IF($B7="","",IFERROR(INDEX('07_Stage_Calc'!$K:$K,MATCH($B7,'07_Stage_Calc'!$A:$A,0)),"")) | G7: =IF($B7="","",IFERROR(INDEX('07_Stage_Calc'!$L:$L,MATCH($B7,'07_Stage_Calc'!$A:$A,0)),"")) | H7: =IF(OR(C7="",F7=""),"",(C7-F7)*100) | I7: =IF(OR(D7="",G7=""),"",(D7-G7)*100) | J7: =IF(OR(E7="",F7="",G7=""),"",E7-(G7-F7)*100) | K7: =IF(OR(H7="",I7="",J7=""),"",IF(MAX(ABS(H7),ABS(I7),ABS(J7))<=$B$2,"GO",IF(MAX(ABS(H7),ABS(I7),ABS(J7))<=$B$3,"RECALC","STOP")))
E8: =IF(OR(C8="",D8=""),"",(D8-C8)*100) | F8: =IF($B8="","",IFERROR(INDEX('07_Stage_Calc'!$K:$K,MATCH($B8,'07_Stage_Calc'!$A:$A,0)),"")) | G8: =IF($B8="","",IFERROR(INDEX('07_Stage_Calc'!$L:$L,MATCH($B8,'07_Stage_Calc'!$A:$A,0)),"")) | H8: =IF(OR(C8="",F8=""),"",(C8-F8)*100) | I8: =IF(OR(D8="",G8=""),"",(D8-G8)*100) | J8: =IF(OR(E8="",F8="",G8=""),"",E8-(G8-F8)*100) | K8: =IF(OR(H8="",I8="",J8=""),"",IF(MAX(ABS(H8),ABS(I8),ABS(J8))<=$B$2,"GO",IF(MAX(ABS(H8),ABS(I8),ABS(J8))<=$B$3,"RECALC","STOP")))
E9: =IF(OR(C9="",D9=""),"",(D9-C9)*100) | F9: =IF($B9="","",IFERROR(INDEX('07_Stage_Calc'!$K:$K,MATCH($B9,'07_Stage_Calc'!$A:$A,0)),"")) | G9: =IF($B9="","",IFERROR(INDEX('07_Stage_Calc'!$L:$L,MATCH($B9,'07_Stage_Calc'!$A:$A,0)),"")) | H9: =IF(OR(C9="",F9=""),"",(C9-F9)*100) | I9: =IF(OR(D9="",G9=""),"",(D9-G9)*100) | J9: =IF(OR(E9="",F9="",G9=""),"",E9-(G9-F9)*100) | K9: =IF(OR(H9="",I9="",J9=""),"",IF(MAX(ABS(H9),ABS(I9),ABS(J9))<=$B$2,"GO",IF(MAX(ABS(H9),ABS(I9),ABS(J9))<=$B$3,"RECALC","STOP")))
E10: =IF(OR(C10="",D10=""),"",(D10-C10)*100) | F10: =IF($B10="","",IFERROR(INDEX('07_Stage_Calc'!$K:$K,MATCH($B10,'07_Stage_Calc'!$A:$A,0)),"")) | G10: =IF($B10="","",IFERROR(INDEX('07_Stage_Calc'!$L:$L,MATCH($B10,'07_Stage_Calc'!$A:$A,0)),"")) | H10: =IF(OR(C10="",F10=""),"",(C10-F10)*100) | I10: =IF(OR(D10="",G10=""),"",(D10-G10)*100) | J10: =IF(OR(E10="",F10="",G10=""),"",E10-(G10-F10)*100) | K10: =IF(OR(H10="",I10="",J10=""),"",IF(MAX(ABS(H10),ABS(I10),ABS(J10))<=$B$2,"GO",IF(MAX(ABS(H10),ABS(I10),ABS(J10))<=$B$3,"RECALC","STOP")))
E11: =IF(OR(C11="",D11=""),"",(D11-C11)*100) | F11: =IF($B11="","",IFERROR(INDEX('07_Stage_Calc'!$K:$K,MATCH($B11,'07_Stage_Calc'!$A:$A,0)),"")) | G11: =IF($B11="","",IFERROR(INDEX('07_Stage_Calc'!$L:$L,MATCH($B11,'07_Stage_Calc'!$A:$A,0)),"")) | H11: =IF(OR(C11="",F11=""),"",(C11-F11)*100) | I11: =IF(OR(D11="",G11=""),"",(D11-G11)*100) | J11: =IF(OR(E11="",F11="",G11=""),"",E11-(G11-F11)*100) | K11: =IF(OR(H11="",I11="",J11=""),"",IF(MAX(ABS(H11),ABS(I11),ABS(J11))<=$B$2,"GO",IF(MAX(ABS(H11),ABS(I11),ABS(J11))<=$B$3,"RECALC","STOP")))
E12: =IF(OR(C12="",D12=""),"",(D12-C12)*100) | F12: =IF($B12="","",IFERROR(INDEX('07_Stage_Calc'!$K:$K,MATCH($B12,'07_Stage_Calc'!$A:$A,0)),"")) | G12: =IF($B12="","",IFERROR(INDEX('07_Stage_Calc'!$L:$L,MATCH($B12,'07_Stage_Calc'!$A:$A,0)),"")) | H12: =IF(OR(C12="",F12=""),"",(C12-F12)*100) | I12: =IF(OR(D12="",G12=""),"",(D12-G12)*100) | J12: =IF(OR(E12="",F12="",G12=""),"",E12-(G12-F12)*100) | K12: =IF(OR(H12="",I12="",J12=""),"",IF(MAX(ABS(H12),ABS(I12),ABS(J12))<=$B$2,"GO",IF(MAX(ABS(H12),ABS(I12),ABS(J12))<=$B$3,"RECALC","STOP")))
E13: =IF(OR(C13="",D13=""),"",(D13-C13)*100) | F13: =IF($B13="","",IFERROR(INDEX('07_Stage_Calc'!$K:$K,MATCH($B13,'07_Stage_Calc'!$A:$A,0)),"")) | G13: =IF($B13="","",IFERROR(INDEX('07_Stage_Calc'!$L:$L,MATCH($B13,'07_Stage_Calc'!$A:$A,0)),"")) | H13: =IF(OR(C13="",F13=""),"",(C13-F13)*100) | I13: =IF(OR(D13="",G13=""),"",(D13-G13)*100) | J13: =IF(OR(E13="",F13="",G13=""),"",E13-(G13-F13)*100) | K13: =IF(OR(H13="",I13="",J13=""),"",IF(MAX(ABS(H13),ABS(I13),ABS(J13))<=$B$2,"GO",IF(MAX(ABS(H13),ABS(I13),ABS(J13))<=$B$3,"RECALC","STOP")))
E14: =IF(OR(C14="",D14=""),"",(D14-C14)*100) | F14: =IF($B14="","",IFERROR(INDEX('07_Stage_Calc'!$K:$K,MATCH($B14,'07_Stage_Calc'!$A:$A,0)),"")) | G14: =IF($B14="","",IFERROR(INDEX('07_Stage_Calc'!$L:$L,MATCH($B14,'07_Stage_Calc'!$A:$A,0)),"")) | H14: =IF(OR(C14="",F14=""),"",(C14-F14)*100) | I14: =IF(OR(D14="",G14=""),"",(D14-G14)*100) | J14: =IF(OR(E14="",F14="",G14=""),"",E14-(G14-F14)*100) | K14: =IF(OR(H14="",I14="",J14=""),"",IF(MAX(ABS(H14),ABS(I14),ABS(J14))<=$B$2,"GO",IF(MAX(ABS(H14),ABS(I14),ABS(J14))<=$B$3,"RECALC","STOP")))
E15: =IF(OR(C15="",D15=""),"",(D15-C15)*100) | F15: =IF($B15="","",IFERROR(INDEX('07_Stage_Calc'!$K:$K,MATCH($B15,'07_Stage_Calc'!$A:$A,0)),"")) | G15: =IF($B15="","",IFERROR(INDEX('07_Stage_Calc'!$L:$L,MATCH($B15,'07_Stage_Calc'!$A:$A,0)),"")) | H15: =IF(OR(C15="",F15=""),"",(C15-F15)*100) | I15: =IF(OR(D15="",G15=""),"",(D15-G15)*100) | J15: =IF(OR(E15="",F15="",G15=""),"",E15-(G15-F15)*100) | K15: =IF(OR(H15="",I15="",J15=""),"",IF(MAX(ABS(H15),ABS(I15),ABS(J15))<=$B$2,"GO",IF(MAX(ABS(H15),ABS(I15),ABS(J15))<=$B$3,"RECALC","STOP")))
E16: =IF(OR(C16="",D16=""),"",(D16-C16)*100) | F16: =IF($B16="","",IFERROR(INDEX('07_Stage_Calc'!$K:$K,MATCH($B16,'07_Stage_Calc'!$A:$A,0)),"")) | G16: =IF($B16="","",IFERROR(INDEX('07_Stage_Calc'!$L:$L,MATCH($B16,'07_Stage_Calc'!$A:$A,0)),"")) | H16: =IF(OR(C16="",F16=""),"",(C16-F16)*100) | I16: =IF(OR(D16="",G16=""),"",(D16-G16)*100) | J16: =IF(OR(E16="",F16="",G16=""),"",E16-(G16-F16)*100) | K16: =IF(OR(H16="",I16="",J16=""),"",IF(MAX(ABS(H16),ABS(I16),ABS(J16))<=$B$2,"GO",IF(MAX(ABS(H16),ABS(I16),ABS(J16))<=$B$3,"RECALC","STOP")))
E17: =IF(OR(C17="",D17=""),"",(D17-C17)*100) | F17: =IF($B17="","",IFERROR(INDEX('07_Stage_Calc'!$K:$K,MATCH($B17,'07_Stage_Calc'!$A:$A,0)),"")) | G17: =IF($B17="","",IFERROR(INDEX('07_Stage_Calc'!$L:$L,MATCH($B17,'07_Stage_Calc'!$A:$A,0)),"")) | H17: =IF(OR(C17="",F17=""),"",(C17-F17)*100) | I17: =IF(OR(D17="",G17=""),"",(D17-G17)*100) | J17: =IF(OR(E17="",F17="",G17=""),"",E17-(G17-F17)*100) | K17: =IF(OR(H17="",I17="",J17=""),"",IF(MAX(ABS(H17),ABS(I17),ABS(J17))<=$B$2,"GO",IF(MAX(ABS(H17),ABS(I17),ABS(J17))<=$B$3,"RECALC","STOP")))
... E205: =IF(OR(C205="",D205=""),"",(D205-C205)*100) | F205: =IF($B205="","",IFERROR(INDEX('07_Stage_Calc'!$K:$K,MATCH($B205,'07_Stage_Calc'!$A:$A,0)),"")) | G205: =IF($B205="","",IFERROR(INDEX('07_Stage_Calc'!$L:$L,MATCH($B205,'07_Stage_Calc'!$A:$A,0)),"")) | H205: =IF(OR(C205="",F205=""),"",(C205-F205)*100) | I205: =IF(OR(D205="",G205=""),"",(D205-G205)*100) | J205: =IF(OR(E205="",F205="",G205=""),"",E205-(G205-F205)*100) | K205: =IF(OR(H205="",I205="",J205=""),"",IF(MAX(ABS(H205),ABS(I205),ABS(J205))<=$B$2,"GO",IF(MAX(ABS(H205),ABS(I205),ABS(J205))<=$B$3,"RECALC","STOP")))

Sheet 09_Evidence_Log
A1: Site | B1: Category | C1: Document / Evidence Item | D1: Req | E1: Status | F1: Due/Submitted | G1: Portal | H1: Ref No. | I1: File/Link | J1: Remarks
A2: COMMON | B2: Booking | C2: Booking Confirmation | D2: Y | E2: PENDING | G2: ATLP/MTG
A3: COMMON | B3: Insurance | C3: Insurance Certificate | D3: Y | E3: PENDING | G3: ATLP/MTG
A4: COMMON | B4: Manifest | C4: Cargo Manifest | D4: Y | E4: PENDING | G4: ATLP/MTG
A5: COMMON | B5: Contacts | C5: Emergency Contact List | D5: Y | E5: PENDING | G5: ATLP/MTG
A6: AGI | B6: Ramp | C6: Ramp Angle Calculation | D6: Y | E6: PENDING | G6: MTG
A7: AGI | B7: Berth | C7: Berth Load Chart / Depth Confirmation | D7: Y | E7: PENDING | G7: MTG
A8: COMMON | B8: Evidence | C8: Hold Point Draft Photo (FWD/AFT) | D8: Y | E8: PENDING | G8: ATLP/MTG

Sheet 10_RACI
A1: Activity / Deliverable | B1: SCT Logistics | C1: DSV/3PL | D1: Vessel Master | E1: Chief Officer/Ballast | F1: Port Authority | G1: HSE | H1: Notes
A2: Hydrostatic data pack + sign convention | B2: A | C2: C | D2: R | E2: R | F2: I | G2: I | H2: Provide Hydro table and calculation method
A3: Stage-wise plan + timeline | B3: A | C3: C | D3: C | E3: R | F3: I | G3: I | H3: Include load transfer %, ballast sequence
A4: Ballast tank list + initial ROB | B4: C | C4: I | D4: I | E4: R | F4: I | G4: I | H4: Include pump/vent constraints
A5: Tide forecast + depth confirmation | B5: C | C5: I | D5: R | E5: R | F5: A | G5: I | H5: Use official source; align datum
A6: HoldPoint measurement & decision | B6: C | C6: I | D6: R | E6: R | F6: I | G6: A | H6: Record drafts/trim; decide GO/RECALC/STOP
A7: ATLP/MTG submissions | B7: R | C7: C | D7: I | E7: I | F7: A | G7: C | H7: Site-specific lead times
A8: Photo/video evidence collection | B8: A | C8: C | D8: I | E8: I | F8: I | G8: R | H8: Tag by stage/time/GPS
A9: Final report & archive | B9: A | C9: C | D9: C | E9: R | F9: I | G9: C | H9: 7-day submission requirement

Sheet 11_Assumptions_Issues
A1: ID | B1: Type | C1: Description | D1: Value | E1: Unit | F1: Impact | G1: Owner | H1: Due | I1: Status | J1: Evidence/Ref
A2: 1 | B2: Assumption | C2: Hydro points provided are accurate and sorted by displacement | F2: High | G2: Marine | I2: OPEN
A3: 2 | B3: Assumption | C3: DepthRef uses same datum as tide (CD) | F3: High | G3: Marine | I3: OPEN
A4: 3 | B4: Issue | C4: Lightship displacement/draft not confirmed | F4: Med | G4: Marine | I4: OPEN
A5: 4 | B5: Gap | C5: No clear explanation of draft mark positions | F5: Med | G5: Marine | I5: OPEN

Sheet 12_DataDictionary
A1: Sheet | B1: Field | C1: Unit | D1: Type | E1: Definition / Rule
A2: 01_SSOT_Master | B2: GATE_AFT_MIN_M | C2: m | D2: Input | E2: Minimum aft draft allowed (AFT >=).
A3: 01_SSOT_Master | B3: GATE_FWD_MAX_M | C3: m | D3: Input | E3: Maximum forward draft allowed (FWD <=).
A4: 01_SSOT_Master | B4: TRIM_LIMIT_CM | C4: cm | D4: Input | E4: Absolute trim limit. Trim = (Daft - Dfwd)*100.
A5: 03_Berth_Tide | B5: Tide_m | C5: m | D5: Input | E5: Tide height above datum (e.g., CD).
A6: 04_Cargo_SPMT | B6: Weight_t | C6: t | D6: Input | E6: Cargo weight including SPMT if not separated.
A7: 05_Ballast_Tanks | B7: Delta_t | C7: t | D7: Input | E7: Per stage tank delta: + ballast, - discharge.
A8: 07_Stage_Calc | B8: Trim_cm | C8: cm | D8: Calc | E8: Trim = (Daft - Dfwd)*100.
A9: 07_Stage_Calc | B9: Tide_required_m | C9: m | D9: Calc | E9: Required tide so UKC >= UKC_MIN.
A10: 08_HoldPoint_Log | B10: Action | C10: - | D10: Calc | E10: GO/RECALC/STOP based on thresholds.

Sheet Pack_A_Inputs_SSOT
A1: Pack A: Inputs & Assumptions (SSOT)
A3: 1. Vessel / Show-stopper inputs
A4: Parameter | B4: Value | C4: Unit | D4: Source/Reference | E4: Note
A5: LBP (Length Between Perpendiculars) | C5: m
A6: Beam | C6: m
A7: Depth (D, molded) | B7: 3.65 | C7: m | D7: Vessel spec
A8: Lightship Displacement | B8: 2800 | C8: t | D8: Vessel spec
A9: Gate AFT MIN | B9: 2.70 | C9: m | D9: Ops
A10: Gate FWD MAX | B10: 2.70 | C10: m | D10: Ops
A11: Trim ABS limit | B11: 240 | C11: cm | D11: Ops
A12: UKC min | B12: 0.50 | C12: m | D12: Port
A13: DepthRef | B13: 5.50 | C13: m | D13: Port

Sheet Pack_B_Calculation_Formulas
A1: Pack B: Calculation Sheet (Formula + Sign Convention)
A3: (1) Draft / Trim (Hydro 기반)
A4: Parameter/Formula | B4: Formula/Definition | C4: Unit/Note | D4: Reference
A5: Tmean (m) | B5: T_mean = (D_fwd + D_aft) / 2
A6: Delta Tmean (m) | B6: Delta T_mean = Sum(Delta W) / (TPC * 100) | C6: TPC: t/cm
A7: Delta Trim (m) | B7: Delta Trim = Sum(Delta W*(x-LCF)) / MTC | C7: MTC: t·m/cm
A8: Trim (cm) | B8: Trim_cm = (D_aft - D_fwd) * 100
A9: Sign: Trim | B9: + = Aft deeper / - = Bow down
A10: Sign: x | B10: +Aft / -Fwd (midship ref)
A13: (2) UKC / Tide Required
A14: Item | B14: Definition | C14: Unit/Note | D14: Reference
A15: Depth_available | B15: DepthRef + Forecast_Tide | C15: m | D15: 03_Berth_Tide
A16: UKC | B16: Depth_available - (Draft + Squat + Safety) | C16: m
A17: Tide_required | B17: max(0, (Draft_max + Squat + Safety + UKC_min) - DepthRef) | C17: m

Sheet Pack_D_Tide_Window_RACI
A1: Pack D: Tide Window & RACI
A3: Stage-wise Tide Window
A4: Stage | B4: Required WL (m) | C4: Forecast Tide (m) | D4: Margin (m) | E4: Window Time | F4: Source
A5: Stage 1 | D5: =IF(OR(B5="",C5=""),"",C5-B5)
A6: Stage 2 | D6: =IF(OR(B6="",C6=""),"",C6-B6)
A7: Stage 3 | D7: =IF(OR(B7="",C7=""),"",C7-B7)
A8: Stage 4 | D8: =IF(OR(B8="",C8=""),"",C8-B8)
A9: Stage 5 | D9: =IF(OR(B9="",C9=""),"",C9-B9)
A10: Stage 5_PreBallast | D10: =IF(OR(B10="",C10=""),"",C10-B10)
A11: Stage 6A_Critical (Opt C) | D11: =IF(OR(B11="",C11=""),"",C11-B11)
A12: Stage 6C | D12: =IF(OR(B12="",C12=""),"",C12-B12)
A13: Stage 7 | D13: =IF(OR(B13="",C13=""),"",C13-B13)
A16: RACI Matrix (optional)
