Workbook

Sheet December_Tide_2025 (2)
A1: datetime_gst | B1: tide_m (Chart Datum)
A2: 2025-12-01 00:00:00 | B2: 2.06
A3: 2025-12-01 01:00:00 | B3: 2.46
A4: 2025-12-01 02:00:00 | B4: 2.7
A5: 2025-12-01 03:00:00 | B5: 2.71
A6: 2025-12-01 04:00:00 | B6: 2.49
A7: 2025-12-01 05:00:00 | B7: 2.1
A8: 2025-12-01 06:00:00 | B8: 1.63
A9: 2025-12-01 07:00:00 | B9: 1.21
A10: 2025-12-01 08:00:00 | B10: 0.93
A11: 2025-12-01 09:00:00 | B11: 0.87
A12: 2025-12-01 10:00:00 | B12: 1.05
A13: 2025-12-01 11:00:00 | B13: 1.41
... A745: 2025-12-31 23:00:00 | B745: 1.59

Sheet Hourly_FWD_AFT_Heights (2)
A1: DateTime (GST) | B1: Tide_m | C1: Dfwd_req_m (even) | D1: Trim_m (optional) | E1: Dfwd_adj_m | F1: Daft_adj_m | G1: Ramp_Angle_deg | H1: Status | I1: FWD_Height_m | J1: AFT_Height_m | K1: Notes | M1: Trim_m (optional)
A2: =IF('December_Tide_2025 (2)'!A2="","",'December_Tide_2025 (2)'!A2) -> 2025-12-01 00:00:00 | B2: =IF('December_Tide_2025 (2)'!B2="","",'December_Tide_2025 (2)'!B2) -> 2.06 | C2: =IF($A2="","", INDEX([1]Calc!$E:$E, MATCH("KminusZ_m", [1]Calc!$C:$C, 0)) + $B2 - INDEX([1]Calc!$E:$E, MATCH("L_ramp_m", [1]Calc!$C:$C, 0)) * TAN(RADIANS(INDEX([1]Calc!$E:$E, MATCH("theta_max_deg", [1]Calc!$C:$C, 0))))) -> 3.7987492 | E2: =IF($C2="","", IF($D2="", $C2, $C2 - $D2/2)) -> 3.7987492 | F2: =IF($C2="","", IF($D2="", $C2, $C2 + $D2/2)) -> 3.7987492 | G2: =IF($E2="","", DEGREES(ATAN((INDEX([1]Calc!$E:$E, MATCH("KminusZ_m", [1]Calc!$C:$C, 0)) - $E2 + $B2) / INDEX([1]Calc!$E:$E, MATCH("L_ramp_m", [1]Calc!$C:$C, 0))))) -> 6 | H2: =IF($E2="","", IF(AND($E2>=INDEX([1]Calc!$E:$E, MATCH("min_fwd_draft_m", [1]Calc!$C:$C, 0)), $E2<=INDEX([1]Calc!$E:$E, MATCH("max_fwd_draft_m", [1]Calc!$C:$C, 0)), $G2<=INDEX([1]Calc!$E:$E, MATCH("theta_max_deg", [1]Calc!$C:$C, 0))), "OK", "CHECK")) -> CHECK | I2: =IF($E2="","", INDEX([1]Calc!$E:$E, MATCH("D_vessel_m", [1]Calc!$C:$C, 0)) - $E2 + $B2) -> 1.9112508 | J2: =IF($F2="","", INDEX([1]Calc!$E:$E, MATCH("D_vessel_m", [1]Calc!$C:$C, 0)) - $F2 + $B2) -> 1.9112508 | K2: =IF(D2=0, "Even Keel", "") -> Even Keel | N2: ← Defaults to 0.00 (Even-Keel). To apply the actual trim, manually enter the value in this cell.
A3: =IF('December_Tide_2025 (2)'!A3="","",'December_Tide_2025 (2)'!A3) -> 2025-12-01 01:00:00 | B3: =IF('December_Tide_2025 (2)'!B3="","",'December_Tide_2025 (2)'!B3) -> 2.46 | C3: =IF($A3="","", INDEX([1]Calc!$E:$E, MATCH("KminusZ_m", [1]Calc!$C:$C, 0)) + $B3 - INDEX([1]Calc!$E:$E, MATCH("L_ramp_m", [1]Calc!$C:$C, 0)) * TAN(RADIANS(INDEX([1]Calc!$E:$E, MATCH("theta_max_deg", [1]Calc!$C:$C, 0))))) -> 4.1987492 | E3: =IF($C3="","", IF($D3="", $C3, $C3 - $D3/2)) -> 4.1987492 | F3: =IF($C3="","", IF($D3="", $C3, $C3 + $D3/2)) -> 4.1987492 | G3: =IF($E3="","", DEGREES(ATAN((INDEX([1]Calc!$E:$E, MATCH("KminusZ_m", [1]Calc!$C:$C, 0)) - $E3 + $B3) / INDEX([1]Calc!$E:$E, MATCH("L_ramp_m", [1]Calc!$C:$C, 0))))) -> 6 | H3: =IF($E3="","", IF(AND($E3>=INDEX([1]Calc!$E:$E, MATCH("min_fwd_draft_m", [1]Calc!$C:$C, 0)), $E3<=INDEX([1]Calc!$E:$E, MATCH("max_fwd_draft_m", [1]Calc!$C:$C, 0)), $G3<=INDEX([1]Calc!$E:$E, MATCH("theta_max_deg", [1]Calc!$C:$C, 0))), "OK", "CHECK")) -> CHECK | I3: =IF($E3="","", INDEX([1]Calc!$E:$E, MATCH("D_vessel_m", [1]Calc!$C:$C, 0)) - $E3 + $B3) -> 1.9112508 | J3: =IF($F3="","", INDEX([1]Calc!$E:$E, MATCH("D_vessel_m", [1]Calc!$C:$C, 0)) - $F3 + $B3) -> 1.9112508 | K3: =IF(D3=0, "Even Keel", "") -> Even Keel
A4: =IF('December_Tide_2025 (2)'!A4="","",'December_Tide_2025 (2)'!A4) -> 2025-12-01 02:00:00 | B4: =IF('December_Tide_2025 (2)'!B4="","",'December_Tide_2025 (2)'!B4) -> 2.7 | C4: =IF($A4="","", INDEX([1]Calc!$E:$E, MATCH("KminusZ_m", [1]Calc!$C:$C, 0)) + $B4 - INDEX([1]Calc!$E:$E, MATCH("L_ramp_m", [1]Calc!$C:$C, 0)) * TAN(RADIANS(INDEX([1]Calc!$E:$E, MATCH("theta_max_deg", [1]Calc!$C:$C, 0))))) -> 4.4387492 | E4: =IF($C4="","", IF($D4="", $C4, $C4 - $D4/2)) -> 4.4387492 | F4: =IF($C4="","", IF($D4="", $C4, $C4 + $D4/2)) -> 4.4387492 | G4: =IF($E4="","", DEGREES(ATAN((INDEX([1]Calc!$E:$E, MATCH("KminusZ_m", [1]Calc!$C:$C, 0)) - $E4 + $B4) / INDEX([1]Calc!$E:$E, MATCH("L_ramp_m", [1]Calc!$C:$C, 0))))) -> 6 | H4: =IF($E4="","", IF(AND($E4>=INDEX([1]Calc!$E:$E, MATCH("min_fwd_draft_m", [1]Calc!$C:$C, 0)), $E4<=INDEX([1]Calc!$E:$E, MATCH("max_fwd_draft_m", [1]Calc!$C:$C, 0)), $G4<=INDEX([1]Calc!$E:$E, MATCH("theta_max_deg", [1]Calc!$C:$C, 0))), "OK", "CHECK")) -> CHECK | I4: =IF($E4="","", INDEX([1]Calc!$E:$E, MATCH("D_vessel_m", [1]Calc!$C:$C, 0)) - $E4 + $B4) -> 1.9112508 | J4: =IF($F4="","", INDEX([1]Calc!$E:$E, MATCH("D_vessel_m", [1]Calc!$C:$C, 0)) - $F4 + $B4) -> 1.9112508 | K4: =IF(D4=0, "Even Keel", "") -> Even Keel
A5: =IF('December_Tide_2025 (2)'!A5="","",'December_Tide_2025 (2)'!A5) -> 2025-12-01 03:00:00 | B5: =IF('December_Tide_2025 (2)'!B5="","",'December_Tide_2025 (2)'!B5) -> 2.71 | C5: =IF($A5="","", INDEX([1]Calc!$E:$E, MATCH("KminusZ_m", [1]Calc!$C:$C, 0)) + $B5 - INDEX([1]Calc!$E:$E, MATCH("L_ramp_m", [1]Calc!$C:$C, 0)) * TAN(RADIANS(INDEX([1]Calc!$E:$E, MATCH("theta_max_deg", [1]Calc!$C:$C, 0))))) -> 4.4487492 | E5: =IF($C5="","", IF($D5="", $C5, $C5 - $D5/2)) -> 4.4487492 | F5: =IF($C5="","", IF($D5="", $C5, $C5 + $D5/2)) -> 4.4487492 | G5: =IF($E5="","", DEGREES(ATAN((INDEX([1]Calc!$E:$E, MATCH("KminusZ_m", [1]Calc!$C:$C, 0)) - $E5 + $B5) / INDEX([1]Calc!$E:$E, MATCH("L_ramp_m", [1]Calc!$C:$C, 0))))) -> 6 | H5: =IF($E5="","", IF(AND($E5>=INDEX([1]Calc!$E:$E, MATCH("min_fwd_draft_m", [1]Calc!$C:$C, 0)), $E5<=INDEX([1]Calc!$E:$E, MATCH("max_fwd_draft_m", [1]Calc!$C:$C, 0)), $G5<=INDEX([1]Calc!$E:$E, MATCH("theta_max_deg", [1]Calc!$C:$C, 0))), "OK", "CHECK")) -> CHECK | I5: =IF($E5="","", INDEX([1]Calc!$E:$E, MATCH("D_vessel_m", [1]Calc!$C:$C, 0)) - $E5 + $B5) -> 1.9112508 | J5: =IF($F5="","", INDEX([1]Calc!$E:$E, MATCH("D_vessel_m", [1]Calc!$C:$C, 0)) - $F5 + $B5) -> 1.9112508 | K5: =IF(D5=0, "Even Keel", "") -> Even Keel
A6: =IF('December_Tide_2025 (2)'!A6="","",'December_Tide_2025 (2)'!A6) -> 2025-12-01 04:00:00 | B6: =IF('December_Tide_2025 (2)'!B6="","",'December_Tide_2025 (2)'!B6) -> 2.49 | C6: =IF($A6="","", INDEX([1]Calc!$E:$E, MATCH("KminusZ_m", [1]Calc!$C:$C, 0)) + $B6 - INDEX([1]Calc!$E:$E, MATCH("L_ramp_m", [1]Calc!$C:$C, 0)) * TAN(RADIANS(INDEX([1]Calc!$E:$E, MATCH("theta_max_deg", [1]Calc!$C:$C, 0))))) -> 4.2287492 | E6: =IF($C6="","", IF($D6="", $C6, $C6 - $D6/2)) -> 4.2287492 | F6: =IF($C6="","", IF($D6="", $C6, $C6 + $D6/2)) -> 4.2287492 | G6: =IF($E6="","", DEGREES(ATAN((INDEX([1]Calc!$E:$E, MATCH("KminusZ_m", [1]Calc!$C:$C, 0)) - $E6 + $B6) / INDEX([1]Calc!$E:$E, MATCH("L_ramp_m", [1]Calc!$C:$C, 0))))) -> 6 | H6: =IF($E6="","", IF(AND($E6>=INDEX([1]Calc!$E:$E, MATCH("min_fwd_draft_m", [1]Calc!$C:$C, 0)), $E6<=INDEX([1]Calc!$E:$E, MATCH("max_fwd_draft_m", [1]Calc!$C:$C, 0)), $G6<=INDEX([1]Calc!$E:$E, MATCH("theta_max_deg", [1]Calc!$C:$C, 0))), "OK", "CHECK")) -> CHECK | I6: =IF($E6="","", INDEX([1]Calc!$E:$E, MATCH("D_vessel_m", [1]Calc!$C:$C, 0)) - $E6 + $B6) -> 1.9112508 | J6: =IF($F6="","", INDEX([1]Calc!$E:$E, MATCH("D_vessel_m", [1]Calc!$C:$C, 0)) - $F6 + $B6) -> 1.9112508 | K6: =IF(D6=0, "Even Keel", "") -> Even Keel
A7: =IF('December_Tide_2025 (2)'!A7="","",'December_Tide_2025 (2)'!A7) -> 2025-12-01 05:00:00 | B7: =IF('December_Tide_2025 (2)'!B7="","",'December_Tide_2025 (2)'!B7) -> 2.1 | C7: =IF($A7="","", INDEX([1]Calc!$E:$E, MATCH("KminusZ_m", [1]Calc!$C:$C, 0)) + $B7 - INDEX([1]Calc!$E:$E, MATCH("L_ramp_m", [1]Calc!$C:$C, 0)) * TAN(RADIANS(INDEX([1]Calc!$E:$E, MATCH("theta_max_deg", [1]Calc!$C:$C, 0))))) -> 3.8387492 | E7: =IF($C7="","", IF($D7="", $C7, $C7 - $D7/2)) -> 3.8387492 | F7: =IF($C7="","", IF($D7="", $C7, $C7 + $D7/2)) -> 3.8387492 | G7: =IF($E7="","", DEGREES(ATAN((INDEX([1]Calc!$E:$E, MATCH("KminusZ_m", [1]Calc!$C:$C, 0)) - $E7 + $B7) / INDEX([1]Calc!$E:$E, MATCH("L_ramp_m", [1]Calc!$C:$C, 0))))) -> 6 | H7: =IF($E7="","", IF(AND($E7>=INDEX([1]Calc!$E:$E, MATCH("min_fwd_draft_m", [1]Calc!$C:$C, 0)), $E7<=INDEX([1]Calc!$E:$E, MATCH("max_fwd_draft_m", [1]Calc!$C:$C, 0)), $G7<=INDEX([1]Calc!$E:$E, MATCH("theta_max_deg", [1]Calc!$C:$C, 0))), "OK", "CHECK")) -> CHECK | I7: =IF($E7="","", INDEX([1]Calc!$E:$E, MATCH("D_vessel_m", [1]Calc!$C:$C, 0)) - $E7 + $B7) -> 1.9112508 | J7: =IF($F7="","", INDEX([1]Calc!$E:$E, MATCH("D_vessel_m", [1]Calc!$C:$C, 0)) - $F7 + $B7) -> 1.9112508 | K7: =IF(D7=0, "Even Keel", "") -> Even Keel
A8: =IF('December_Tide_2025 (2)'!A8="","",'December_Tide_2025 (2)'!A8) -> 2025-12-01 06:00:00 | B8: =IF('December_Tide_2025 (2)'!B8="","",'December_Tide_2025 (2)'!B8) -> 1.63 | C8: =IF($A8="","", INDEX([1]Calc!$E:$E, MATCH("KminusZ_m", [1]Calc!$C:$C, 0)) + $B8 - INDEX([1]Calc!$E:$E, MATCH("L_ramp_m", [1]Calc!$C:$C, 0)) * TAN(RADIANS(INDEX([1]Calc!$E:$E, MATCH("theta_max_deg", [1]Calc!$C:$C, 0))))) -> 3.3687492 | E8: =IF($C8="","", IF($D8="", $C8, $C8 - $D8/2)) -> 3.3687492 | F8: =IF($C8="","", IF($D8="", $C8, $C8 + $D8/2)) -> 3.3687492 | G8: =IF($E8="","", DEGREES(ATAN((INDEX([1]Calc!$E:$E, MATCH("KminusZ_m", [1]Calc!$C:$C, 0)) - $E8 + $B8) / INDEX([1]Calc!$E:$E, MATCH("L_ramp_m", [1]Calc!$C:$C, 0))))) -> 6 | H8: =IF($E8="","", IF(AND($E8>=INDEX([1]Calc!$E:$E, MATCH("min_fwd_draft_m", [1]Calc!$C:$C, 0)), $E8<=INDEX([1]Calc!$E:$E, MATCH("max_fwd_draft_m", [1]Calc!$C:$C, 0)), $G8<=INDEX([1]Calc!$E:$E, MATCH("theta_max_deg", [1]Calc!$C:$C, 0))), "OK", "CHECK")) -> OK | I8: =IF($E8="","", INDEX([1]Calc!$E:$E, MATCH("D_vessel_m", [1]Calc!$C:$C, 0)) - $E8 + $B8) -> 1.9112508 | J8: =IF($F8="","", INDEX([1]Calc!$E:$E, MATCH("D_vessel_m", [1]Calc!$C:$C, 0)) - $F8 + $B8) -> 1.9112508 | K8: =IF(D8=0, "Even Keel", "") -> Even Keel
A9: =IF('December_Tide_2025 (2)'!A9="","",'December_Tide_2025 (2)'!A9) -> 2025-12-01 07:00:00 | B9: =IF('December_Tide_2025 (2)'!B9="","",'December_Tide_2025 (2)'!B9) -> 1.21 | C9: =IF($A9="","", INDEX([1]Calc!$E:$E, MATCH("KminusZ_m", [1]Calc!$C:$C, 0)) + $B9 - INDEX([1]Calc!$E:$E, MATCH("L_ramp_m", [1]Calc!$C:$C, 0)) * TAN(RADIANS(INDEX([1]Calc!$E:$E, MATCH("theta_max_deg", [1]Calc!$C:$C, 0))))) -> 2.9487492 | E9: =IF($C9="","", IF($D9="", $C9, $C9 - $D9/2)) -> 2.9487492 | F9: =IF($C9="","", IF($D9="", $C9, $C9 + $D9/2)) -> 2.9487492 | G9: =IF($E9="","", DEGREES(ATAN((INDEX([1]Calc!$E:$E, MATCH("KminusZ_m", [1]Calc!$C:$C, 0)) - $E9 + $B9) / INDEX([1]Calc!$E:$E, MATCH("L_ramp_m", [1]Calc!$C:$C, 0))))) -> 6 | H9: =IF($E9="","", IF(AND($E9>=INDEX([1]Calc!$E:$E, MATCH("min_fwd_draft_m", [1]Calc!$C:$C, 0)), $E9<=INDEX([1]Calc!$E:$E, MATCH("max_fwd_draft_m", [1]Calc!$C:$C, 0)), $G9<=INDEX([1]Calc!$E:$E, MATCH("theta_max_deg", [1]Calc!$C:$C, 0))), "OK", "CHECK")) -> OK | I9: =IF($E9="","", INDEX([1]Calc!$E:$E, MATCH("D_vessel_m", [1]Calc!$C:$C, 0)) - $E9 + $B9) -> 1.9112508 | J9: =IF($F9="","", INDEX([1]Calc!$E:$E, MATCH("D_vessel_m", [1]Calc!$C:$C, 0)) - $F9 + $B9) -> 1.9112508 | K9: =IF(D9=0, "Even Keel", "") -> Even Keel
A10: =IF('December_Tide_2025 (2)'!A10="","",'December_Tide_2025 (2)'!A10) -> 2025-12-01 08:00:00 | B10: =IF('December_Tide_2025 (2)'!B10="","",'December_Tide_2025 (2)'!B10) -> 0.93 | C10: =IF($A10="","", INDEX([1]Calc!$E:$E, MATCH("KminusZ_m", [1]Calc!$C:$C, 0)) + $B10 - INDEX([1]Calc!$E:$E, MATCH("L_ramp_m", [1]Calc!$C:$C, 0)) * TAN(RADIANS(INDEX([1]Calc!$E:$E, MATCH("theta_max_deg", [1]Calc!$C:$C, 0))))) -> 2.6687492 | E10: =IF($C10="","", IF($D10="", $C10, $C10 - $D10/2)) -> 2.6687492 | F10: =IF($C10="","", IF($D10="", $C10, $C10 + $D10/2)) -> 2.6687492 | G10: =IF($E10="","", DEGREES(ATAN((INDEX([1]Calc!$E:$E, MATCH("KminusZ_m", [1]Calc!$C:$C, 0)) - $E10 + $B10) / INDEX([1]Calc!$E:$E, MATCH("L_ramp_m", [1]Calc!$C:$C, 0))))) -> 6 | H10: =IF($E10="","", IF(AND($E10>=INDEX([1]Calc!$E:$E, MATCH("min_fwd_draft_m", [1]Calc!$C:$C, 0)), $E10<=INDEX([1]Calc!$E:$E, MATCH("max_fwd_draft_m", [1]Calc!$C:$C, 0)), $G10<=INDEX([1]Calc!$E:$E, MATCH("theta_max_deg", [1]Calc!$C:$C, 0))), "OK", "CHECK")) -> OK | I10: =IF($E10="","", INDEX([1]Calc!$E:$E, MATCH("D_vessel_m", [1]Calc!$C:$C, 0)) - $E10 + $B10) -> 1.9112508 | J10: =IF($F10="","", INDEX([1]Calc!$E:$E, MATCH("D_vessel_m", [1]Calc!$C:$C, 0)) - $F10 + $B10) -> 1.9112508 | K10: =IF(D10=0, "Even Keel", "") -> Even Keel
A11: =IF('December_Tide_2025 (2)'!A11="","",'December_Tide_2025 (2)'!A11) -> 2025-12-01 09:00:00 | B11: =IF('December_Tide_2025 (2)'!B11="","",'December_Tide_2025 (2)'!B11) -> 0.87 | C11: =IF($A11="","", INDEX([1]Calc!$E:$E, MATCH("KminusZ_m", [1]Calc!$C:$C, 0)) + $B11 - INDEX([1]Calc!$E:$E, MATCH("L_ramp_m", [1]Calc!$C:$C, 0)) * TAN(RADIANS(INDEX([1]Calc!$E:$E, MATCH("theta_max_deg", [1]Calc!$C:$C, 0))))) -> 2.6087492 | E11: =IF($C11="","", IF($D11="", $C11, $C11 - $D11/2)) -> 2.6087492 | F11: =IF($C11="","", IF($D11="", $C11, $C11 + $D11/2)) -> 2.6087492 | G11: =IF($E11="","", DEGREES(ATAN((INDEX([1]Calc!$E:$E, MATCH("KminusZ_m", [1]Calc!$C:$C, 0)) - $E11 + $B11) / INDEX([1]Calc!$E:$E, MATCH("L_ramp_m", [1]Calc!$C:$C, 0))))) -> 6 | H11: =IF($E11="","", IF(AND($E11>=INDEX([1]Calc!$E:$E, MATCH("min_fwd_draft_m", [1]Calc!$C:$C, 0)), $E11<=INDEX([1]Calc!$E:$E, MATCH("max_fwd_draft_m", [1]Calc!$C:$C, 0)), $G11<=INDEX([1]Calc!$E:$E, MATCH("theta_max_deg", [1]Calc!$C:$C, 0))), "OK", "CHECK")) -> OK | I11: =IF($E11="","", INDEX([1]Calc!$E:$E, MATCH("D_vessel_m", [1]Calc!$C:$C, 0)) - $E11 + $B11) -> 1.9112508 | J11: =IF($F11="","", INDEX([1]Calc!$E:$E, MATCH("D_vessel_m", [1]Calc!$C:$C, 0)) - $F11 + $B11) -> 1.9112508 | K11: =IF(D11=0, "Even Keel", "") -> Even Keel
A12: =IF('December_Tide_2025 (2)'!A12="","",'December_Tide_2025 (2)'!A12) -> 2025-12-01 10:00:00 | B12: =IF('December_Tide_2025 (2)'!B12="","",'December_Tide_2025 (2)'!B12) -> 1.05 | C12: =IF($A12="","", INDEX([1]Calc!$E:$E, MATCH("KminusZ_m", [1]Calc!$C:$C, 0)) + $B12 - INDEX([1]Calc!$E:$E, MATCH("L_ramp_m", [1]Calc!$C:$C, 0)) * TAN(RADIANS(INDEX([1]Calc!$E:$E, MATCH("theta_max_deg", [1]Calc!$C:$C, 0))))) -> 2.7887492 | E12: =IF($C12="","", IF($D12="", $C12, $C12 - $D12/2)) -> 2.7887492 | F12: =IF($C12="","", IF($D12="", $C12, $C12 + $D12/2)) -> 2.7887492 | G12: =IF($E12="","", DEGREES(ATAN((INDEX([1]Calc!$E:$E, MATCH("KminusZ_m", [1]Calc!$C:$C, 0)) - $E12 + $B12) / INDEX([1]Calc!$E:$E, MATCH("L_ramp_m", [1]Calc!$C:$C, 0))))) -> 6 | H12: =IF($E12="","", IF(AND($E12>=INDEX([1]Calc!$E:$E, MATCH("min_fwd_draft_m", [1]Calc!$C:$C, 0)), $E12<=INDEX([1]Calc!$E:$E, MATCH("max_fwd_draft_m", [1]Calc!$C:$C, 0)), $G12<=INDEX([1]Calc!$E:$E, MATCH("theta_max_deg", [1]Calc!$C:$C, 0))), "OK", "CHECK")) -> OK | I12: =IF($E12="","", INDEX([1]Calc!$E:$E, MATCH("D_vessel_m", [1]Calc!$C:$C, 0)) - $E12 + $B12) -> 1.9112508 | J12: =IF($F12="","", INDEX([1]Calc!$E:$E, MATCH("D_vessel_m", [1]Calc!$C:$C, 0)) - $F12 + $B12) -> 1.9112508 | K12: =IF(D12=0, "Even Keel", "") -> Even Keel
A13: =IF('December_Tide_2025 (2)'!A13="","",'December_Tide_2025 (2)'!A13) -> 2025-12-01 11:00:00 | B13: =IF('December_Tide_2025 (2)'!B13="","",'December_Tide_2025 (2)'!B13) -> 1.41 | C13: =IF($A13="","", INDEX([1]Calc!$E:$E, MATCH("KminusZ_m", [1]Calc!$C:$C, 0)) + $B13 - INDEX([1]Calc!$E:$E, MATCH("L_ramp_m", [1]Calc!$C:$C, 0)) * TAN(RADIANS(INDEX([1]Calc!$E:$E, MATCH("theta_max_deg", [1]Calc!$C:$C, 0))))) -> 3.1487492 | E13: =IF($C13="","", IF($D13="", $C13, $C13 - $D13/2)) -> 3.1487492 | F13: =IF($C13="","", IF($D13="", $C13, $C13 + $D13/2)) -> 3.1487492 | G13: =IF($E13="","", DEGREES(ATAN((INDEX([1]Calc!$E:$E, MATCH("KminusZ_m", [1]Calc!$C:$C, 0)) - $E13 + $B13) / INDEX([1]Calc!$E:$E, MATCH("L_ramp_m", [1]Calc!$C:$C, 0))))) -> 6 | H13: =IF($E13="","", IF(AND($E13>=INDEX([1]Calc!$E:$E, MATCH("min_fwd_draft_m", [1]Calc!$C:$C, 0)), $E13<=INDEX([1]Calc!$E:$E, MATCH("max_fwd_draft_m", [1]Calc!$C:$C, 0)), $G13<=INDEX([1]Calc!$E:$E, MATCH("theta_max_deg", [1]Calc!$C:$C, 0))), "OK", "CHECK")) -> OK | I13: =IF($E13="","", INDEX([1]Calc!$E:$E, MATCH("D_vessel_m", [1]Calc!$C:$C, 0)) - $E13 + $B13) -> 1.9112508 | J13: =IF($F13="","", INDEX([1]Calc!$E:$E, MATCH("D_vessel_m", [1]Calc!$C:$C, 0)) - $F13 + $B13) -> 1.9112508 | K13: =IF(D13=0, "Even Keel", "") -> Even Keel
A14: =IF('December_Tide_2025 (2)'!A14="","",'December_Tide_2025 (2)'!A14) -> 2025-12-01 12:00:00 | B14: =IF('December_Tide_2025 (2)'!B14="","",'December_Tide_2025 (2)'!B14) -> 1.87 | C14: =IF($A14="","", INDEX([1]Calc!$E:$E, MATCH("KminusZ_m", [1]Calc!$C:$C, 0)) + $B14 - INDEX([1]Calc!$E:$E, MATCH("L_ramp_m", [1]Calc!$C:$C, 0)) * TAN(RADIANS(INDEX([1]Calc!$E:$E, MATCH("theta_max_deg", [1]Calc!$C:$C, 0))))) -> 3.6087492 | E14: =IF($C14="","", IF($D14="", $C14, $C14 - $D14/2)) -> 3.6087492 | F14: =IF($C14="","", IF($D14="", $C14, $C14 + $D14/2)) -> 3.6087492 | G14: =IF($E14="","", DEGREES(ATAN((INDEX([1]Calc!$E:$E, MATCH("KminusZ_m", [1]Calc!$C:$C, 0)) - $E14 + $B14) / INDEX([1]Calc!$E:$E, MATCH("L_ramp_m", [1]Calc!$C:$C, 0))))) -> 6 | H14: =IF($E14="","", IF(AND($E14>=INDEX([1]Calc!$E:$E, MATCH("min_fwd_draft_m", [1]Calc!$C:$C, 0)), $E14<=INDEX([1]Calc!$E:$E, MATCH("max_fwd_draft_m", [1]Calc!$C:$C, 0)), $G14<=INDEX([1]Calc!$E:$E, MATCH("theta_max_deg", [1]Calc!$C:$C, 0))), "OK", "CHECK")) -> CHECK | I14: =IF($E14="","", INDEX([1]Calc!$E:$E, MATCH("D_vessel_m", [1]Calc!$C:$C, 0)) - $E14 + $B14) -> 1.9112508 | J14: =IF($F14="","", INDEX([1]Calc!$E:$E, MATCH("D_vessel_m", [1]Calc!$C:$C, 0)) - $F14 + $B14) -> 1.9112508 | K14: =IF(D14=0, "Even Keel", "") -> Even Keel
... A745: =IF('December_Tide_2025 (2)'!A745="","",'December_Tide_2025 (2)'!A745) -> 2025-12-31 23:00:00 | B745: =IF('December_Tide_2025 (2)'!B745="","",'December_Tide_2025 (2)'!B745) -> 1.59 | C745: =IF($A745="","", INDEX([1]Calc!$E:$E, MATCH("KminusZ_m", [1]Calc!$C:$C, 0)) + $B745 - INDEX([1]Calc!$E:$E, MATCH("L_ramp_m", [1]Calc!$C:$C, 0)) * TAN(RADIANS(INDEX([1]Calc!$E:$E, MATCH("theta_max_deg", [1]Calc!$C:$C, 0))))) -> 3.3287492 | E745: =IF($C745="","", IF($D745="", $C745, $C745 - $D745/2)) -> 3.3287492 | F745: =IF($C745="","", IF($D745="", $C745, $C745 + $D745/2)) -> 3.3287492 | G745: =IF($E745="","", DEGREES(ATAN((INDEX([1]Calc!$E:$E, MATCH("KminusZ_m", [1]Calc!$C:$C, 0)) - $E745 + $B745) / INDEX([1]Calc!$E:$E, MATCH("L_ramp_m", [1]Calc!$C:$C, 0))))) -> 6 | H745: =IF($E745="","", IF(AND($E745>=INDEX([1]Calc!$E:$E, MATCH("min_fwd_draft_m", [1]Calc!$C:$C, 0)), $E745<=INDEX([1]Calc!$E:$E, MATCH("max_fwd_draft_m", [1]Calc!$C:$C, 0)), $G745<=INDEX([1]Calc!$E:$E, MATCH("theta_max_deg", [1]Calc!$C:$C, 0))), "OK", "CHECK")) -> OK | I745: =IF($E745="","", INDEX([1]Calc!$E:$E, MATCH("D_vessel_m", [1]Calc!$C:$C, 0)) - $E745 + $B745) -> 1.9112508 | J745: =IF($F745="","", INDEX([1]Calc!$E:$E, MATCH("D_vessel_m", [1]Calc!$C:$C, 0)) - $F745 + $B745) -> 1.9112508 | K745: =IF(D745=0, "Even Keel", "") -> Even Keel
